Call ID,Emp. Id's,SD Call Sub Type,ACHT,Mobile Number
73058356,CE0621938059,Outbound and email- Connected,6,9123456790
73059517,CE0621938185,Only Email Sent,8,9123456792
73058395,CE0621938059,Only Email Sent,10,9123456794
73056858,CE0621938061,Outbound and email- Connected,13,9123456797
72823827,CE1020935331,Only Email Sent,15,9123456799
72929503,AE071921619,Only Email Sent,17,9123456801
73047963,AE062028443,Only Email Sent,19,9123456803
72090635,CE0121935819,Only Email Sent,20,9123456804
72178209,CE0421937416,Only Email Sent,21,9123456805
73043860,AE071921617,Only Email Sent,22,9123456806
72550316,CE0121935819,Only Email Sent,23,9123456807
72922318,AE071921619,Only Email Sent,24,9123456808
73057180,CE0621938061,Only Email Sent,25,9123456809
73058877,CE0621938059,Only Email Sent,26,9123456810
72962313,AE022133481,Only Email Sent,27,9123456811
73058437,CE0621938059,Only Email Sent,28,9123456812
73058044,CE1020935331,Only Email Sent,29,9123456813
72963011,AE022133481,Only Email Sent,30,9123456814
73058205,CE0621938043,Only Email Sent,32,9123456816
73058485,CE0621938044,Only Email Sent,33,9123456817
72508343,CE0121935819,Only Email Sent,34,9123456818
73058277,CE0621938043,Only Email Sent,35,9123456819
72964271,AE022133481,Only Email Sent,36,9123456820
72553291,CE0621938064,Outbound and email- Non-Connected,37,9123456821
72867103,CE0121935819,Only Email Sent,38,9123456822
72575388,CE0121935819,Only Email Sent,39,9123456823
73058490,CE0621938044,Only Email Sent,40,9123456824
72788725,AE071921617,Only Email Sent,41,9123456825
73045179,AE062028443,Outbound and email- Non-Connected,42,9123456826
73024606,CE1020935331,Only Email Sent,43,9123456827
72569217,CE0621938064,Outbound and email- Connected,44,9123456828
71976860,CE0121935819,Only Email Sent,45,9123456829
73059518,CE0621938185,Only Email Sent,46,9123456830
72811614,CE0621938185,Only Email Sent,47,9123456831
72747738,AE022133482,Only Email Sent,48,9123456832
72246515,AE071921617,Outbound and email- Non-Connected,49,9123456833
73058207,CE0621938043,Only Email Sent,51,9123456835
72780150,CE0121935819,Only Email Sent,52,9123456836
73047415,AE062028443,Only Email Sent,53,9123456837
72996564,AE022133481,Only Email Sent,54,9123456838
72154640,CE0121935819,Only Email Sent,55,9123456839
71998089,AE051919290,Only Email Sent,56,9123456840
73058858,CE0621938044,Only Email Sent,58,9123456842
73046054,AE062028443,Only Email Sent,59,9123456843
72879167,CE0421937416,Only Email Sent,60,9123456844
72990605,CE0121935819,Only Email Sent,61,9123456845
72221178,CE0621938064,Only Email Sent,62,9123456846
72984918,AE051919290,Only Email Sent,63,9123456847
73038306,AE062028502,Only Email Sent,64,9123456848
72922184,AE071921619,Only Email Sent,65,9123456849
72888004,CE0421937466,Only Email Sent,66,9123456850
72006844,CE0121935819,Only Email Sent,67,9123456851
73045342,AE062028443,Only Email Sent,68,9123456852
73058240,CE1020935331,Only Email Sent,69,9123456853
72963926,AE022133481,Only Email Sent,70,9123456854
73059553,AE062135292,Outbound and email- Connected,71,9123456855
73058291,CE0621938043,Only Email Sent,72,9123456856
73058821,AE051919290,Only Email Sent,73,9123456857
72976688,AE022133482,Only Email Sent,74,9123456858
72973392,CE0421937466,Outbound and email- Non-Connected,75,9123456859
72787133,AE051919290,Only Email Sent,76,9123456860
73040940,CE0621938059,Only Email Sent,77,9123456861
72847204,CE0421937416,Only Email Sent,78,9123456862
72988323,AE051919290,Only Email Sent,79,9123456863
73057649,CE0621938061,Outbound and email- Connected,80,9123456864
72882737,CE0621938059,Only Email Sent,81,9123456865
72702064,CE0421937416,Only Email Sent,82,9123456866
73048272,AE062028443,Only Email Sent,83,9123456867
73059230,CE0621938185,Only Email Sent,84,9123456868
72164708,AE022133482,Only Email Sent,85,9123456869
73049415,AE071921617,Only Email Sent,86,9123456870
73059013,CE0621938059,Only Email Sent,87,9123456871
73054029,CE1020935331,Only Email Sent,88,9123456872
72918638,AE071921619,Only Email Sent,89,9123456873
72874366,CE0121935819,Only Email Sent,90,9123456874
73058163,CE0621938043,Only Email Sent,91,9123456875
72298615,CE0121935819,Only Email Sent,92,9123456876
73043774,AE062028502,Only Email Sent,93,9123456877
72962308,AE022133481,Only Email Sent,94,9123456878
72601222,AE051919290,Only Email Sent,95,9123456879
73046425,AE062028443,Only Email Sent,96,9123456880
72701030,AE071921617,Only Email Sent,97,9123456881
72963052,AE022133481,Only Email Sent,98,9123456882
73049410,AE071921617,Only Email Sent,99,9123456883
73050260,CE1020935331,Only Email Sent,101,9123456885
72937929,AE071921619,Only Email Sent,102,9123456886
72963645,AE022133481,Only Email Sent,103,9123456887
73007148,CE1020935331,Only Email Sent,104,9123456888
73058849,CE0621938044,Only Email Sent,105,9123456889
73046239,CE1020935331,Only Email Sent,106,9123456890
73057195,CE0621938061,Only Email Sent,107,9123456891
73058992,AE051919290,Only Email Sent,108,9123456892
72940017,CE0121935819,Only Email Sent,109,9123456893
72961077,AE022133481,Only Email Sent,110,9123456894
73058991,CE0121935819,Outbound and email- Non-Connected,111,9123456895
72938288,AE071921619,Only Email Sent,112,9123456896
72787110,AE102032232,Only Email Sent,113,9123456897
73022380,AE051919290,Only Email Sent,114,9123456898
73058774,AE051919290,Only Email Sent,115,9123456899
72944652,AE071921619,Only Email Sent,116,9123456900
73001819,AE071921617,Only Email Sent,117,9123456901
72855435,CE0421937466,Only Email Sent,118,9123456902
72815761,CE0621938185,Only Email Sent,119,9123456903
72912150,AE062028443,Only Email Sent,120,9123456904
73052016,CE0621938185,Only Email Sent,121,9123456905
73058769,CE0121935819,Only Email Sent,122,9123456906
73058285,CE0621938043,Only Email Sent,123,9123456907
73023722,CE1020935331,Only Email Sent,124,9123456908
73059621,CE0621938064,Outbound and email- Connected,125,9123456909
72942120,AE062028443,Only Email Sent,126,9123456910
72980060,AE022133482,Only Email Sent,127,9123456911
73043396,AE071921617,Only Email Sent,128,9123456912
73042220,AE102032232,Only Email Sent,129,9123456913
73053592,CE0621938062,Only Email Sent,130,9123456914
73010711,AE102032232,Outbound and email- Connected,131,9123456915
72959519,AE051919290,Only Email Sent,132,9123456916
73007225,CE0421937416,Only Email Sent,133,9123456917
72981191,AE062028443,Outbound and email- Non-Connected,134,9123456918
73059865,CE0621938062,Only Email Sent,135,9123456919
73059123,AE051919290,Only Email Sent,136,9123456920
73042485,AE102032232,Only Email Sent,137,9123456921
73046057,AE071921617,Only Email Sent,138,9123456922
73035767,AE062028502,Only Email Sent,139,9123456923
72935552,CE0421937466,Only Email Sent,140,9123456924
72713031,CE0421937416,Only Email Sent,141,9123456925
72980058,AE022133482,Only Email Sent,142,9123456926
73037312,AE062028502,Only Email Sent,143,9123456927
72962044,AE062028443,Only Email Sent,144,9123456928
72960286,AE022133481,Only Email Sent,145,9123456929
73046807,AE071921617,Only Email Sent,146,9123456930
73058916,AE051919290,Only Email Sent,147,9123456931
73010285,AE071921617,Only Email Sent,148,9123456932
72960417,AE022133481,Only Email Sent,149,9123456933
72960310,AE022133481,Only Email Sent,150,9123456934
72998584,AE062028443,Outbound and email- Non-Connected,151,9123456935
72885736,CE0421937416,Only Email Sent,152,9123456936
72979986,AE022133482,Outbound and email- Non-Connected,153,9123456937
72994643,CE0421937416,Only Email Sent,154,9123456938
72880807,AE102032232,Only Email Sent,155,9123456939
73059671,CE0621938044,Only Email Sent,156,9123456940
73057926,CE0621938061,Only Email Sent,157,9123456941
72505825,CE0421937466,Only Email Sent,158,9123456942
73059519,AE062135292,Only Email Sent,159,9123456943
73059673,CE0621938044,Only Email Sent,160,9123456944
72959679,AE022133481,Only Email Sent,161,9123456945
72950436,AE071921619,Only Email Sent,162,9123456946
72811615,CE0621938185,Only Email Sent,163,9123456947
72959901,AE022133481,Only Email Sent,164,9123456948
72811616,CE0621938185,Only Email Sent,165,9123456949
73059705,CE0621938064,Only Email Sent,166,9123456950
73059672,CE0621938044,Only Email Sent,167,9123456951
72980019,AE022133482,Only Email Sent,168,9123456952
72817300,CE0421937416,Only Email Sent,169,9123456953
73004736,AE071921617,Only Email Sent,170,9123456954
73043333,AE062028443,Outbound and email- Non-Connected,171,9123456955
73060060,CE0621938062,Only Email Sent,172,9123456956
73003286,AE071921617,Only Email Sent,173,9123456957
72938974,AE071921619,Outbound and email- Non-Connected,174,9123456958
72960047,AE022133481,Only Email Sent,175,9123456959
73059507,AE062135292,Only Email Sent,176,9123456960
73046457,AE071921617,Only Email Sent,177,9123456961
72960071,AE022133481,Only Email Sent,178,9123456962
72982247,AE022133482,Only Email Sent,179,9123456963
72755456,CE0421937466,Only Email Sent,181,9123456965
73057361,CE0621938061,Outbound and email- Non-Connected,182,9123456966
72940843,AE071921619,Only Email Sent,183,9123456967
72993206,AE071921617,Only Email Sent,184,9123456968
72747326,CE0621938062,Only Email Sent,185,9123456969
72998252,AE051919290,Only Email Sent,186,9123456970
73055994,AE051919290,Only Email Sent,187,9123456971
73031169,AE022133481,Only Email Sent,188,9123456972
73044444,CE1020935331,Only Email Sent,189,9123456973
73058301,AE051919290,Only Email Sent,190,9123456974
73014409,CE0421937466,Only Email Sent,192,9123456976
72522005,CE0121935819,Only Email Sent,193,9123456977
72625706,CE0121935819,Only Email Sent,194,9123456978
72769677,CE1020935331,Only Email Sent,195,9123456979
73059816,CE0621938062,Only Email Sent,196,9123456980
72938595,CE1020935331,Only Email Sent,197,9123456981
73023266,AE022133482,Only Email Sent,198,9123456982
73041632,AE102032232,Only Email Sent,199,9123456983
73041695,AE102032232,Only Email Sent,200,9123456984
73032483,AE062028502,Only Email Sent,201,9123456985
73041374,AE102032232,Only Email Sent,202,9123456986
72973830,CE0121935818,Only Email Sent,203,9123456987
72971773,CE0421937466,Only Email Sent,204,9123456988
72924699,CE0121935819,Only Email Sent,205,9123456989
72845485,AE071921617,Only Email Sent,206,9123456990
73044501,AE022133481,Only Email Sent,207,9123456991
73033269,AE062028502,Only Email Sent,209,9123456993
72939094,CE0121935819,Only Email Sent,210,9123456994
73059622,AE071921617,Only Email Sent,211,9123456995
72990780,AE062028443,Only Email Sent,212,9123456996
73018549,CE0421937416,Only Email Sent,213,9123456997
73059282,AE062135292,Outbound and email- Connected,214,9123456998
73032629,AE062028502,Only Email Sent,215,9123456999
73020455,AE071921619,Only Email Sent,216,9123457000
73040188,AE102032232,Only Email Sent,217,9123457001
72780686,CE0421937416,Only Email Sent,218,9123457002
73031279,AE022133481,Only Email Sent,220,9123457004
73009721,AE102032232,Only Email Sent,221,9123457005
72959233,AE022133481,Only Email Sent,222,9123457006
72997740,AE022133479,Only Email Sent,223,9123457007
72998687,AE022133482,Only Email Sent,224,9123457008
73039304,AE102032232,Only Email Sent,225,9123457009
72593902,AE051919290,Only Email Sent,226,9123457010
73058773,AE051919290,Only Email Sent,227,9123457011
73000057,AE022133482,Only Email Sent,228,9123457012
72963797,CE1020935331,Only Email Sent,229,9123457013
72937451,AE071921619,Only Email Sent,230,9123457014
72694417,AE051919290,Only Email Sent,231,9123457015
73018612,AE071921619,Only Email Sent,232,9123457016
73058496,CE0621938043,Only Email Sent,233,9123457017
72976082,AE062028443,Outbound and email- Non-Connected,234,9123457018
72958974,CE0621938064,Only Email Sent,235,9123457019
73006892,AE062028443,Outbound and email- Non-Connected,236,9123457020
73060084,CE0621938061,Outbound and email- Non-Connected,237,9123457021
72256623,AE051919290,Only Email Sent,238,9123457022
72884316,AE071921617,Only Email Sent,239,9123457023
73059858,CE0621938043,Only Email Sent,240,9123457024
73060318,CE0621938043,Only Email Sent,241,9123457025
73057409,AE051919290,Only Email Sent,242,9123457026
73009732,AE022133482,Only Email Sent,243,9123457027
73059500,AE071921617,Outbound and email- Non-Connected,244,9123457028
73032932,AE062028502,Only Email Sent,245,9123457029
72731861,AE051919290,Only Email Sent,246,9123457030
73060479,AE062135292,Only Email Sent,247,9123457031
73002871,AE022133482,Only Email Sent,248,9123457032
72996523,AE022133482,Only Email Sent,249,9123457033
72640764,AE051919290,Only Email Sent,250,9123457034
72676343,CE0121935819,Only Email Sent,251,9123457035
72757089,CE0121935819,Only Email Sent,252,9123457036
73039606,AE102032232,Only Email Sent,253,9123457037
73044471,AE022133481,Only Email Sent,254,9123457038
71952916,AE051919290,Only Email Sent,255,9123457039
72959016,AE022133481,Only Email Sent,256,9123457040
73057526,AE051919290,Only Email Sent,257,9123457041
72121240,AE062135306,Outbound and email- Non-Connected,258,9123457042
72650613,CE0121935819,Only Email Sent,260,9123457044
73035336,AE062028502,Only Email Sent,262,9123457046
72935841,CE0121935819,Only Email Sent,263,9123457047
73007279,CE0421937466,Outbound and email- Non-Connected,264,9123457048
72828257,CE0121935819,Only Email Sent,265,9123457049
73012297,CE0121935819,Outbound and email- Non-Connected,266,9123457050
72646530,CE0121935819,Only Email Sent,267,9123457051
73015030,AE062028443,Outbound and email- Non-Connected,268,9123457052
73040394,AE102032232,Only Email Sent,269,9123457053
73031203,AE062135292,Outbound and email- Connected,270,9123457054
73044530,AE022133481,Only Email Sent,271,9123457055
72788578,CE0121935819,Only Email Sent,272,9123457056
72966817,CE0121935818,Only Email Sent,273,9123457057
72989290,CE0121935819,Only Email Sent,274,9123457058
73058638,CE0621938044,Outbound and email- Connected,276,9123457060
73041683,AE102032232,Only Email Sent,277,9123457061
72958092,CE0121935819,Only Email Sent,278,9123457062
73059238,AE062135292,Only Email Sent,279,9123457063
72959492,AE022133481,Only Email Sent,280,9123457064
73021337,AE071921619,Only Email Sent,281,9123457065
73030302,CE0621938059,Only Email Sent,282,9123457066
73019921,AE071921619,Only Email Sent,283,9123457067
72894285,CE0121935819,Only Email Sent,284,9123457068
72655403,CE0121935819,Only Email Sent,285,9123457069
73041137,AE102032232,Only Email Sent,286,9123457070
73060317,CE0621938043,Only Email Sent,287,9123457071
72990634,CE0121935819,Only Email Sent,288,9123457072
72928721,CE0621938044,Only Email Sent,289,9123457073
73039566,AE102032232,Only Email Sent,290,9123457074
73014868,AE062028443,Outbound and email- Non-Connected,291,9123457075
73054161,CE0621938062,Only Email Sent,292,9123457076
72870106,CE0421937466,Outbound and email- Connected,293,9123457077
73060019,CE0621938061,Outbound and email- Non-Connected,294,9123457078
73010764,AE022133482,Only Email Sent,295,9123457079
72933463,AE051919290,Outbound and email- Non-Connected,296,9123457080
72896608,CE0621938061,Only Email Sent,297,9123457081
72947174,AE071921619,Only Email Sent,298,9123457082
73040994,AE102032232,Only Email Sent,299,9123457083
72959680,AE022133481,Only Email Sent,300,9123457084
72912557,CE0121935819,Only Email Sent,301,9123457085
73007651,AE022133482,Only Email Sent,302,9123457086
73010848,AE022133482,Only Email Sent,303,9123457087
72927226,CE0121935819,Only Email Sent,304,9123457088
73000304,AE022133482,Outbound and email- Non-Connected,305,9123457089
73029223,CE0121935819,Outbound and email- Non-Connected,306,9123457090
73047099,AE102032232,Outbound and email- Connected,332,9123457116
72919773,AE022133479,Outbound and email- Connected,349,9123457133
72757029,CE0421937466,Outbound and email- Connected,369,9123457153
73022586,CE0621938064,Outbound and email- Connected,389,9123457173
73057932,CE0621938061,Outbound and email- Connected,408,9123457192
73030351,CE0621938059,Outbound and email- Connected,410,9123457194
72875258,CE0621938061,Outbound and email- Connected,416,9123457200
73027205,AE062135292,Outbound and email- Connected,424,9123457208
73021597,AE042134725,Outbound and email- Connected,451,9123457235
73042404,CE0621938185,Outbound and email- Connected,453,9123457237
72867751,AE042134725,Outbound and email- Connected,466,9123457250
72992774,AE022133482,Outbound and email- Connected,474,9123457258
73053576,CE1020935331,Outbound and email- Connected,513,9123457297
72905208,CE0421937416,Outbound and email- Connected,519,9123457303
72744071,CE0421937466,Outbound and email- Connected,523,9123457307
72998574,CE1020935331,Outbound and email- Connected,541,9123457325
72936523,AE071921617,Outbound and email- Connected,547,9123457331
72936558,AE022133479,Outbound and email- Connected,552,9123457336
73015325,AE051919290,Outbound and email- Connected,582,9123457366
73000978,AE042134725,Outbound and email- Connected,602,9123457386
72858733,CE0421937466,Outbound and email- Connected,616,9123457400
72892616,AE022133479,Outbound and email- Connected,624,9123457408
72955244,CE0121935818,Outbound and email- Connected,631,9123457415
73001721,AE042134725,Outbound and email- Connected,633,9123457417
72977539,AE062028502,Outbound and email- Connected,640,9123457424
72820084,AE062028443,Outbound and email- Connected,645,9123457429
72977497,AE062028502,Outbound and email- Connected,646,9123457430
72892526,AE022133479,Outbound and email- Connected,647,9123457431
72779222,CE0121935819,Outbound and email- Connected,649,9123457433
73022763,CE0621938064,Outbound and email- Connected,653,9123457437
72823147,CE0421937466,Outbound and email- Connected,677,9123457461
73023463,CE0621938061,Outbound and email- Connected,682,9123457466
73024467,AE022133482,Outbound and email- Connected,686,9123457470
72963951,CE0421937466,Outbound and email- Connected,704,9123457488
73029377,CE0621938059,Outbound and email- Connected,711,9123457495
73011852,AE071921617,Outbound and email- Connected,716,9123457500
73004901,AE042134725,Outbound and email- Connected,724,9123457508
73019791,CE0621938043,Outbound and email- Connected,731,9123457515
72974558,AE062028443,Outbound and email- Connected,742,9123457526
72926208,CE0421937466,Outbound and email- Connected,764,9123457548
73024194,AE051919290,Outbound and email- Connected,766,9123457550
72866664,AE071921617,Outbound and email- Connected,771,9123457555
72866070,CE0121935819,Outbound and email- Connected,772,9123457556
72888920,CE0421937466,Outbound and email- Connected,775,9123457559
73025690,CE0421937464,Outbound and email- Connected,778,9123457562
73007419,AE042134725,Outbound and email- Connected,785,9123457569
72886217,AE042134725,Outbound and email- Connected,795,9123457579
72854633,CE0421937466,Outbound and email- Connected,799,9123457583
72920109,AE102032232,Outbound and email- Connected,834,9123457618
72879150,AE042134725,Outbound and email- Connected,837,9123457621
73043711,CE0621938043,Outbound and email- Connected,853,9123457637
72933432,CE0421937466,Outbound and email- Connected,914,9123457698
73054830,CE0621938061,Outbound and email- Connected,928,9123457712
73050527,CE1020935331,Outbound and email- Connected,949,9123457733
72935662,AE071921617,Outbound and email- Connected,967,9123457751
73031657,AE062028443,Outbound and email- Connected,970,9123457754
72757761,AE022133481,Outbound and email- Connected,1006,9123457790
72938771,CE0621938185,Outbound and email- Connected,1022,9123457806
72796594,AE022133481,Outbound and email- Connected,1028,9123457812
72993891,CE0121935819,Outbound and email- Connected,1030,9123457814
73029482,AE051919290,Outbound and email- Connected,1031,9123457815
73029491,AE051919290,Outbound and email- Connected,1039,9123457823
72990297,AE071921617,Outbound and email- Connected,1040,9123457824
73002957,CE0421937466,Outbound and email- Connected,1043,9123457827
73029561,CE0621938059,Outbound and email- Connected,1045,9123457829
72980826,CE0621938061,Outbound and email- Connected,1048,9123457832
72901382,AE102032232,Outbound and email- Connected,1052,9123457836
73032933,AE102032232,Outbound and email- Connected,1062,9123457846
72999537,CE0421937466,Outbound and email- Connected,1088,9123457872
73036795,AE062028443,Outbound and email- Connected,1107,9123457891
73025163,AE062028443,Outbound and email- Connected,1132,9123457916
73028798,CE0621938059,Outbound and email- Connected,1146,9123457930
72993457,AE071921619,Outbound and email- Connected,1149,9123457933
72310657,AE102032232,Outbound and email- Connected,1150,9123457934
72281743,AE051919290,Outbound and email- Connected,1153,9123457937
72993297,CE0421937466,Outbound and email- Connected,1167,9123457951
73000910,CE0421937466,Outbound and email- Connected,1168,9123457952
72966584,AE022133479,Outbound and email- Connected,1169,9123457953
72983907,CE1020935331,Outbound and email- Connected,1178,9123457962
72422469,AE062135292,Outbound and email- Connected,1184,9123457968
73043795,CE0621938061,Outbound and email- Connected,1213,9123457997
73025520,AE062028443,Outbound and email- Connected,1215,9123457999
72742721,CE1020935331,Outbound and email- Connected,1221,9123458005
72927332,AE042134725,Outbound and email- Connected,1234,9123458018
72864662,CE0421937466,Outbound and email- Connected,1236,9123458020
72988287,CE0421937466,Outbound and email- Connected,1250,9123458034
72370294,CE0621938062,Outbound and email- Connected,1259,9123458043
72986668,CE0421937466,Outbound and email- Connected,1282,9123458066
72977909,CE0421937466,Outbound and email- Connected,1284,9123458068
73029103,CE0621938061,Outbound and email- Connected,1290,9123458074
73045831,AE062135292,Outbound and email- Connected,1293,9123458077
73032684,CE1020935331,Outbound and email- Connected,1304,9123458088
72925067,CE0421937464,Outbound and email- Connected,1306,9123458090
72867504,CE0121935818,Outbound and email- Connected,1311,9123458095
72952831,AE042134725,Outbound and email- Connected,1317,9123458101
72894205,AE022133479,Outbound and email- Connected,1327,9123458111
73034637,CE0621938064,Outbound and email- Connected,1328,9123458112
72729835,CE0421937466,Outbound and email- Connected,1345,9123458129
72797409,AE022133481,Outbound and email- Connected,1367,9123458151
72784052,AE022133481,Outbound and email- Connected,1370,9123458154
72795021,AE051919290,Outbound and email- Connected,1379,9123458163
72918778,AE062028502,Outbound and email- Connected,1380,9123458164
72898421,CE0121935819,Outbound and email- Connected,1381,9123458165
72931726,AE042134725,Outbound and email- Connected,1393,9123458177
72967274,CE0121935819,Outbound and email- Connected,1412,9123458196
72876581,AE022133479,Outbound and email- Connected,1437,9123458221
72975989,AE062028502,Outbound and email- Connected,1442,9123458226
73032797,AE102032232,Outbound and email- Connected,1443,9123458227
72918204,AE022133481,Outbound and email- Connected,1444,9123458228
73034924,CE0421937464,Outbound and email- Connected,1447,9123458231
73031052,AE062028443,Outbound and email- Connected,1448,9123458232
72897002,AE022133481,Outbound and email- Connected,1452,9123458236
71326929,AE051919290,Outbound and email- Connected,1455,9123458239
72626431,CE0421937466,Outbound and email- Connected,1464,9123458248
73056076,CE0621938059,Outbound and email- Connected,1472,9123458256
73056153,CE0621938059,Outbound and email- Connected,1473,9123458257
72837856,CE0121935819,Outbound and email- Connected,1488,9123458272
73011136,CE0421937466,Outbound and email- Connected,1499,9123458283
72913073,AE022133482,Outbound and email- Connected,1503,9123458287
72833035,AE022133481,Outbound and email- Connected,1512,9123458296
73032472,CE1020935331,Outbound and email- Connected,1515,9123458299
72974660,AE042134725,Outbound and email- Connected,1555,9123458339
73031707,AE102032232,Outbound and email- Connected,1561,9123458345
73041061,CE0621938061,Outbound and email- Connected,1588,9123458372
72809482,AE042134725,Outbound and email- Connected,1589,9123458373
73006106,AE022133481,Outbound and email- Connected,1592,9123458376
73034269,AE062135306,Outbound and email- Connected,1603,9123458387
73035068,CE0421937466,Outbound and email- Connected,1604,9123458388
72776756,CE1020935331,Outbound and email- Connected,1615,9123458399
73002800,AE022133482,Outbound and email- Connected,1643,9123458427
73052073,AE062135292,Outbound and email- Connected,1648,9123458432
72964402,AE062028443,Outbound and email- Connected,1665,9123458449
73057943,CE0421937416,Outbound and email- Connected,1687,9123458471
71963571,AE062028502,Outbound and email- Connected,1697,9123458481
72853936,CE0421937466,Outbound and email- Connected,1719,9123458503
73010352,CE0421937466,Outbound and email- Connected,1783,9123458567
73046160,AE062135292,Outbound and email- Connected,1803,9123458587
72956013,AE051919290,Outbound and email- Connected,1806,9123458590
72832535,CE0121935819,Outbound and email- Connected,1815,9123458599
73020880,CE0421937416,Outbound and email- Connected,1819,9123458603
72520705,AE071921619,Outbound and email- Connected,1850,9123458634
72746355,AE102032232,Outbound and email- Connected,1862,9123458646
72201248,CE0621938062,Outbound and email- Connected,1886,9123458670
72870040,CE0421937466,Outbound and email- Connected,1894,9123458678
73054247,CE0621938044,Outbound and email- Connected,1928,9123458712
73056084,CE0621938059,Outbound and email- Connected,1937,9123458721
72987670,AE022133482,Outbound and email- Connected,1938,9123458722
73043507,CE0621938043,Outbound and email- Connected,1960,9123458744
72915827,AE022133482,Outbound and email- Connected,2027,9123458811
73001450,AE051919290,Outbound and email- Connected,2028,9123458812
73055939,CE0621938059,Outbound and email- Connected,2039,9123458823
72988803,AE102032232,Outbound and email- Connected,2055,9123458839
72920269,AE062028502,Outbound and email- Connected,2057,9123458841
73051398,AE062135292,Outbound and email- Connected,2058,9123458842
72608130,AE062028443,Outbound and email- Connected,2062,9123458846
72609619,CE0121935819,Outbound and email- Connected,2066,9123458850
73029127,AE051919290,Outbound and email- Connected,2069,9123458853
73039698,AE022133482,Outbound and email- Connected,2084,9123458868
72955050,AE022133482,Outbound and email- Connected,2085,9123458869
72935518,AE022133482,Outbound and email- Connected,2108,9123458892
72935854,AE071921617,Outbound and email- Connected,2111,9123458895
73058549,CE0621938043,Outbound and email- Connected,2118,9123458902
72832370,AE042134725,Outbound and email- Connected,2125,9123458909
73034664,CE0421937464,Outbound and email- Connected,2126,9123458910
72777284,AE022133481,Outbound and email- Connected,2127,9123458911
72944235,AE022133479,Outbound and email- Connected,2130,9123458914
72855850,AE062028443,Outbound and email- Connected,2136,9123458920
73021773,AE062135306,Outbound and email- Connected,2149,9123458933
72602244,CE0421937466,Outbound and email- Connected,2265,9123459049
72944306,CE0421937466,Outbound and email- Connected,2287,9123459071
72781618,AE071921619,Outbound and email- Connected,2290,9123459074
73029461,CE0621938064,Outbound and email- Connected,2297,9123459081
73020334,CE1020935331,Outbound and email- Connected,2311,9123459095
72927138,CE0421937466,Outbound and email- Connected,2329,9123459113
72418137,AE071921617,Outbound and email- Connected,2356,9123459140
72793192,AE071921619,Outbound and email- Connected,2362,9123459146
73015850,AE062028443,Outbound and email- Connected,2383,9123459167
72938120,AE022133479,Outbound and email- Connected,2384,9123459168
72993548,CE0621938064,Outbound and email- Connected,2389,9123459173
72989152,AE062028502,Outbound and email- Connected,2404,9123459188
72862108,AE062028502,Outbound and email- Connected,2421,9123459205
73003385,CE0421937466,Outbound and email- Connected,2428,9123459212
72934802,CE0621938064,Outbound and email- Connected,2435,9123459219
73018494,CE0421937466,Outbound and email- Connected,2440,9123459224
72956310,AE042134725,Outbound and email- Connected,2441,9123459225
73030142,AE062028443,Outbound and email- Connected,2455,9123459239
72768327,AE062028502,Outbound and email- Connected,2460,9123459244
73020234,AE022133481,Outbound and email- Connected,2480,9123459264
72965644,CE0421937466,Outbound and email- Connected,2481,9123459265
73018895,AE071921617,Outbound and email- Connected,2489,9123459273
73005032,AE071921619,Outbound and email- Connected,2492,9123459276
72960881,CE0421937466,Outbound and email- Connected,2494,9123459278
72713845,CE0621938061,Outbound and email- Connected,2497,9123459281
72606017,AE051919290,Outbound and email- Connected,2500,9123459284
72765586,CE0421937466,Outbound and email- Connected,2514,9123459298
73017085,CE0421937466,Outbound and email- Connected,2519,9123459303
72793188,AE071921619,Outbound and email- Connected,2524,9123459308
72982816,AE022133481,Outbound and email- Connected,2531,9123459315
72951120,AE042134725,Outbound and email- Connected,2544,9123459328
72874682,CE0421937464,Outbound and email- Connected,2548,9123459332
73023115,AE102032232,Outbound and email- Connected,2550,9123459334
73006327,AE062028443,Outbound and email- Connected,2552,9123459336
72843908,CE0421937464,Outbound and email- Connected,2560,9123459344
73025935,CE0621938059,Outbound and email- Connected,2565,9123459349
72874746,CE0421937464,Outbound and email- Connected,2568,9123459352
72978533,AE042134725,Outbound and email- Connected,2575,9123459359
72260079,AE051919290,Outbound and email- Connected,2577,9123459361
73001599,CE0621938062,Outbound and email- Connected,2586,9123459370
72936862,CE0421937466,Outbound and email- Connected,2610,9123459394
72975136,AE022133481,Outbound and email- Connected,2611,9123459395
72988006,CE0621938061,Outbound and email- Connected,2661,9123459445
72796377,AE042134725,Outbound and email- Connected,2671,9123459455
72893122,CE0121935818,Outbound and email- Connected,2678,9123459462
72499536,CE0621938064,Outbound and email- Connected,2685,9123459469
72671246,AE071921617,Outbound and email- Connected,2689,9123459473
72813240,CE0421937466,Outbound and email- Connected,2692,9123459476
73018897,AE062028443,Outbound and email- Connected,2710,9123459494
72973115,AE022133481,Outbound and email- Connected,2732,9123459516
72784158,AE062028443,Outbound and email- Connected,2738,9123459522
72890368,AE062028443,Outbound and email- Connected,2753,9123459537
72872535,CE0121935818,Outbound and email- Connected,2766,9123459550
72992428,CE0121935819,Outbound and email- Connected,2772,9123459556
72966464,AE022133479,Outbound and email- Connected,2791,9123459575
72653940,AE042134725,Outbound and email- Connected,2794,9123459578
71868543,CE0621938059,Outbound and email- Connected,2798,9123459582
73021813,AE051919290,Outbound and email- Connected,2808,9123459592
72968236,AE062028502,Outbound and email- Connected,2821,9123459605
73021384,AE102032232,Outbound and email- Connected,2829,9123459613
72915809,CE0621938061,Outbound and email- Connected,2842,9123459626
72874830,CE0421937464,Outbound and email- Connected,2872,9123459656
73027802,CE0621938059,Outbound and email- Connected,2878,9123459662
73002832,CE0121935818,Outbound and email- Connected,2879,9123459663
72888712,CE0421937466,Outbound and email- Connected,2890,9123459674
73022461,CE0621938062,Outbound and email- Connected,2891,9123459675
72785376,CE0421937466,Outbound and email- Connected,2894,9123459678
72995661,AE022133479,Outbound and email- Connected,2899,9123459683
73022315,CE0621938062,Outbound and email- Connected,2902,9123459686
72999411,AE062028443,Outbound and email- Connected,2903,9123459687
72832617,AE071921617,Outbound and email- Connected,2908,9123459692
72757432,AE062028502,Outbound and email- Connected,2913,9123459697
72946813,AE022133481,Outbound and email- Connected,2914,9123459698
72315158,AE051919290,Outbound and email- Connected,2920,9123459704
73027471,CE0621938059,Outbound and email- Connected,2923,9123459707
72976556,AE071921619,Outbound and email- Connected,2936,9123459720
73030224,AE062028443,Outbound and email- Connected,2944,9123459728
73017765,CE0421937466,Outbound and email- Connected,2949,9123459733
73020456,CE1020935331,Outbound and email- Connected,2963,9123459747
73029781,CE0621938062,Outbound and email- Connected,2970,9123459754
73027995,CE0621938062,Outbound and email- Connected,2974,9123459758
73021765,AE102032232,Outbound and email- Connected,2978,9123459762
72962372,CE0421937466,Outbound and email- Connected,2994,9123459778
73030043,AE062135292,Outbound and email- Connected,3011,9123459795
72880343,CE0421937466,Outbound and email- Connected,3015,9123459799
72947900,CE0121935819,Outbound and email- Connected,3016,9123459800
72994431,CE0621938064,Outbound and email- Connected,3018,9123459802
72698146,AE062028502,Outbound and email- Connected,3029,9123459813
73029210,CE0621938064,Outbound and email- Connected,3031,9123459815
72761085,AE071921619,Outbound and email- Connected,3044,9123459828
72804651,CE0121935818,Outbound and email- Connected,3053,9123459837
72740686,CE0421937466,Outbound and email- Connected,3054,9123459838
73018300,CE0421937466,Outbound and email- Connected,3058,9123459842
73028337,CE0621938059,Outbound and email- Connected,3063,9123459847
73019787,AE062028502,Outbound and email- Connected,3089,9123459873
72749798,AE042134725,Outbound and email- Connected,3094,9123459878
72952405,AE022133479,Outbound and email- Connected,3103,9123459887
73027774,CE0621938059,Outbound and email- Connected,3116,9123459900
73004409,AE071921619,Outbound and email- Connected,3118,9123459902
72892011,CE0421937466,Outbound and email- Connected,3138,9123459922
72992834,AE042134725,Outbound and email- Connected,3144,9123459928
73030103,AE062135292,Outbound and email- Connected,3155,9123459939
72732805,CE0621938064,Outbound and email- Connected,3157,9123459941
72960459,CE0421937466,Outbound and email- Connected,3162,9123459946
73003067,AE071921619,Outbound and email- Connected,3174,9123459958
72987603,AE042134725,Outbound and email- Connected,3175,9123459959
73021104,CE0421937466,Outbound and email- Connected,3183,9123459967
72857727,CE0621938061,Outbound and email- Connected,3185,9123459969
72994553,CE0121935819,Outbound and email- Connected,3188,9123459972
73031332,AE022133481,Outbound and email- Connected,3189,9123459973
72840589,AE062028443,Outbound and email- Connected,3190,9123459974
72689666,AE042134725,Outbound and email- Connected,3207,9123459991
73029490,CE0621938064,Outbound and email- Connected,3223,9123460007
72962398,AE042134725,Outbound and email- Connected,3224,9123460008
72755190,AE051919290,Outbound and email- Connected,3241,9123460025
72957084,AE042134725,Outbound and email- Connected,3251,9123460035
72829351,AE042134725,Outbound and email- Connected,3255,9123460039
73024046,AE062135306,Outbound and email- Connected,3269,9123460053
72685123,CE0421937466,Outbound and email- Connected,3273,9123460057
72921676,CE0421937466,Outbound and email- Connected,3283,9123460067
72989301,AE042134725,Outbound and email- Connected,3290,9123460074
72766049,CE0421937466,Outbound and email- Connected,3300,9123460084
72886450,AE062135306,Outbound and email- Connected,3306,9123460090
72788985,CE0421937464,Outbound and email- Connected,3319,9123460103
73022254,CE1020935331,Outbound and email- Connected,3323,9123460107
72885372,CE0421937466,Outbound and email- Connected,3324,9123460108
73022090,CE0621938059,Outbound and email- Connected,3327,9123460111
72781412,CE0121935818,Outbound and email- Connected,3336,9123460120
72968328,CE0421937466,Outbound and email- Connected,3339,9123460123
72286600,AE042134725,Outbound and email- Connected,3351,9123460135
72908055,CE0421937466,Outbound and email- Connected,3373,9123460157
73024497,AE071921619,Outbound and email- Connected,3377,9123460161
72750276,AE062135292,Outbound and email- Connected,3384,9123460168
73023474,AE062028443,Outbound and email- Connected,3388,9123460172
72846590,CE0621938064,Outbound and email- Connected,3399,9123460183
72919128,CE0621938062,Outbound and email- Connected,3403,9123460187
72716679,CE0421937466,Outbound and email- Connected,3407,9123460191
72879373,AE022133481,Outbound and email- Connected,3412,9123460196
73034019,CE0421937464,Outbound and email- Connected,3418,9123460202
73034438,CE0621938064,Outbound and email- Connected,3424,9123460208
73030883,CE0621938061,Outbound and email- Connected,3426,9123460210
73040685,AE062135306,Outbound and email- Connected,3460,9123460244
72524488,AE051919290,Outbound and email- Connected,3475,9123460259
72861227,AE042134725,Outbound and email- Connected,3483,9123460267
73038731,CE0421937466,Outbound and email- Connected,3489,9123460273
73038735,CE0421937466,Outbound and email- Connected,3498,9123460282
72992353,AE022133479,Outbound and email- Connected,3501,9123460285
73036810,AE042134725,Outbound and email- Connected,3509,9123460293
72792187,AE071921619,Outbound and email- Connected,3511,9123460295
72999230,AE022133481,Outbound and email- Connected,3531,9123460315
73002853,AE022133481,Outbound and email- Connected,3539,9123460323
72977414,AE062135306,Outbound and email- Connected,3553,9123460337
72993987,AE022133479,Outbound and email- Connected,3563,9123460347
72938644,CE0421937466,Outbound and email- Connected,3567,9123460351
73038420,CE0621938061,Outbound and email- Connected,3570,9123460354
73031524,CE0621938062,Outbound and email- Connected,3575,9123460359
72937890,AE102032232,Outbound and email- Connected,3577,9123460361
72866156,AE022133481,Outbound and email- Connected,3582,9123460366
72892922,AE062028443,Outbound and email- Connected,3590,9123460374
72805600,AE042134725,Outbound and email- Connected,3633,9123460417
73039287,CE0421937466,Outbound and email- Connected,3636,9123460420
72791388,AE042134725,Outbound and email- Connected,3639,9123460423
72998964,AE022133481,Outbound and email- Connected,3646,9123460430
73036523,CE0421937466,Outbound and email- Connected,3654,9123460438
72942475,AE062135292,Outbound and email- Connected,3674,9123460458
73027648,CE0621938062,Outbound and email- Connected,3693,9123460477
72979926,CE0121935819,Outbound and email- Connected,3698,9123460482
73032562,CE0621938062,Outbound and email- Connected,3703,9123460487
72947218,AE022133479,Outbound and email- Connected,3708,9123460492
73036345,CE0421937466,Outbound and email- Connected,3730,9123460514
73038343,CE0621938061,Outbound and email- Connected,3731,9123460515
73018268,AE062028443,Outbound and email- Connected,3744,9123460528
73033613,CE0621938062,Outbound and email- Connected,3752,9123460536
73029540,AE062028443,Outbound and email- Connected,3773,9123460557
73030304,CE0621938061,Outbound and email- Connected,3799,9123460583
73030801,AE062135292,Outbound and email- Connected,3826,9123460610
73037165,CE0621938059,Outbound and email- Connected,3827,9123460611
73035565,CE0421937464,Outbound and email- Connected,3828,9123460612
73008223,AE022133481,Outbound and email- Connected,3839,9123460623
72982873,AE062135292,Outbound and email- Connected,3842,9123460626
73032509,CE1020935331,Outbound and email- Connected,3863,9123460647
73034897,CE0621938064,Outbound and email- Connected,3881,9123460665
72901023,CE0621938062,Outbound and email- Connected,3903,9123460687
72685455,CE0621938064,Outbound and email- Connected,3912,9123460696
72801966,CE0421937466,Outbound and email- Connected,3913,9123460697
72656833,CE0621938059,Outbound and email- Connected,3918,9123460702
72990101,AE022133481,Outbound and email- Connected,3919,9123460703
72876722,AE022133481,Outbound and email- Connected,3924,9123460708
73034197,AE062135306,Outbound and email- Connected,3925,9123460709
72846893,CE0421937466,Outbound and email- Connected,3929,9123460713
72669754,AE022133481,Outbound and email- Connected,3934,9123460718
72430149,CE0421937466,Outbound and email- Connected,3941,9123460725
72874601,AE022133481,Outbound and email- Connected,3961,9123460745
72994446,CE0121935819,Outbound and email- Connected,3962,9123460746
72991067,AE022133479,Outbound and email- Connected,3966,9123460750
73028653,CE0621938059,Outbound and email- Connected,3968,9123460752
73014962,CE0421937464,Outbound and email- Connected,3970,9123460754
72936196,AE022133481,Outbound and email- Connected,3972,9123460756
73033684,CE0621938062,Outbound and email- Connected,3984,9123460768
72805143,CE0421937464,Outbound and email- Connected,3986,9123460770
73034005,CE0621938062,Outbound and email- Connected,4009,9123460793
72747364,CE0421937466,Outbound and email- Connected,4011,9123460795
72796182,AE042134725,Outbound and email- Connected,4043,9123460827
73020112,AE062135306,Outbound and email- Connected,4045,9123460829
73021788,CE0621938061,Outbound and email- Connected,4051,9123460835
73021826,CE0621938061,Outbound and email- Connected,4052,9123460836
72788269,CE0621938062,Outbound and email- Connected,4062,9123460846
72984386,CE0121935818,Outbound and email- Connected,4075,9123460859
72458784,AE102032232,Outbound and email- Connected,4091,9123460875
72993771,AE042134725,Outbound and email- Connected,4136,9123460920
72918830,CE0621938059,Outbound and email- Connected,4143,9123460927
73032884,CE0621938062,Outbound and email- Connected,4157,9123460941
72987051,AE062135292,Outbound and email- Connected,4167,9123460951
72934864,CE0621938064,Outbound and email- Connected,4178,9123460962
73036975,AE062028443,Outbound and email- Connected,4195,9123460979
73037034,CE0621938059,Outbound and email- Connected,4202,9123460986
72747540,CE0421937466,Outbound and email- Connected,4217,9123461001
73030077,AE102032232,Outbound and email- Connected,4268,9123461052
72868796,CE0621938064,Outbound and email- Connected,4271,9123461055
72828294,AE042134725,Outbound and email- Connected,4272,9123461056
72791428,AE042134725,Outbound and email- Connected,4273,9123461057
73030388,CE0621938061,Outbound and email- Connected,4274,9123461058
73020626,AE062135292,Outbound and email- Connected,4286,9123461070
72897959,AE062135306,Outbound and email- Connected,4297,9123461081
72995754,AE042134725,Outbound and email- Connected,4303,9123461087
73028788,CE0621938062,Outbound and email- Connected,4310,9123461094
72424067,CE0621938064,Outbound and email- Connected,4345,9123461129
72988773,AE022133481,Outbound and email- Connected,4361,9123461145
72861040,CE0421937466,Outbound and email- Connected,4409,9123461193
72815783,AE042134725,Outbound and email- Connected,4419,9123461203
73036233,AE062028443,Outbound and email- Connected,4421,9123461205
72984797,AE022133481,Outbound and email- Connected,4436,9123461220
71858817,CE0421937416,Outbound and email- Connected,4470,9123461254
72777761,AE062028502,Outbound and email- Connected,4477,9123461261
73040251,AE071921617,Outbound and email- Connected,4543,9123461327
73029273,AE071921619,Outbound and email- Connected,4555,9123461339
73015851,AE062028443,Outbound and email- Connected,4572,9123461356
73031569,AE051919290,Outbound and email- Connected,4582,9123461366
73026047,AE022133482,Outbound and email- Connected,4588,9123461372
72603020,CE0621938043,Outbound and email- Connected,4596,9123461380
72945827,AE051919290,Outbound and email- Connected,4599,9123461383
73008907,AE062028443,Outbound and email- Connected,4604,9123461388
72939978,CE0621938064,Outbound and email- Connected,4622,9123461406
72879361,AE102032232,Outbound and email- Connected,4635,9123461419
72917982,CE0621938062,Outbound and email- Connected,4646,9123461430
72898497,CE1020935331,Outbound and email- Connected,4665,9123461449
73032344,AE051919290,Outbound and email- Connected,4675,9123461459
72267056,CE0621938043,Outbound and email- Connected,4682,9123461466
72898085,AE062028443,Outbound and email- Connected,4695,9123461479
73008346,AE071921617,Outbound and email- Connected,4729,9123461513
72901566,CE0621938062,Outbound and email- Connected,4740,9123461524
72769184,CE0421937416,Outbound and email- Connected,4776,9123461560
73035594,AE051919290,Outbound and email- Connected,4800,9123461584
73009615,AE062028502,Outbound and email- Connected,4806,9123461590
73041531,CE0421937466,Outbound and email- Connected,4815,9123461599
73006463,AE102032232,Outbound and email- Connected,4851,9123461635
73023472,AE062028443,Outbound and email- Connected,4863,9123461647
73027606,AE062028443,Outbound and email- Connected,4915,9123461699
72618577,CE0621938044,Outbound and email- Connected,4928,9123461712
73029187,AE051919290,Outbound and email- Connected,4985,9123461769
73050105,CE1020935331,Outbound and email- Connected,5010,9123461794
72984422,CE0621938061,Outbound and email- Connected,5064,9123461848
73042029,AE062135292,Outbound and email- Connected,5070,9123461854
72953991,AE022133482,Outbound and email- Connected,5091,9123461875
73005262,AE071921619,Outbound and email- Connected,5097,9123461881
73040843,CE0421937466,Outbound and email- Connected,5102,9123461886
72256516,AE022133482,Outbound and email- Connected,5107,9123461891
73045448,CE0621938064,Outbound and email- Connected,5114,9123461898
72827212,AE062028502,Outbound and email- Connected,5129,9123461913
71988313,CE0621938062,Outbound and email- Connected,5132,9123461916
73042490,CE0621938044,Outbound and email- Connected,5142,9123461926
73044912,CE0621938043,Outbound and email- Connected,5146,9123461930
73008835,AE022133482,Outbound and email- Connected,5157,9123461941
72996616,CE1020935331,Outbound and email- Connected,5159,9123461943
72384348,CE0621938062,Outbound and email- Connected,5171,9123461955
73037161,AE102032232,Outbound and email- Connected,5173,9123461957
72969782,CE0621938043,Outbound and email- Connected,5189,9123461973
72876179,CE1020935331,Outbound and email- Connected,5204,9123461988
73036663,AE022133482,Outbound and email- Connected,5211,9123461995
73048739,CE0621938062,Outbound and email- Connected,5229,9123462013
72750763,CE0621938064,Outbound and email- Connected,5243,9123462027
72804523,CE0621938061,Outbound and email- Connected,5259,9123462043
73040262,CE0621938043,Outbound and email- Connected,5266,9123462050
72990503,CE0421937466,Outbound and email- Connected,5310,9123462094
72970125,AE062135292,Outbound and email- Connected,5312,9123462096
72958849,AE071921619,Outbound and email- Connected,5319,9123462103
72987217,AE022133482,Outbound and email- Connected,5328,9123462112
72803371,CE0421937466,Outbound and email- Connected,5329,9123462113
72515122,AE062028502,Outbound and email- Connected,5332,9123462116
72904782,AE071921619,Outbound and email- Connected,5339,9123462123
72803523,CE0621938061,Outbound and email- Connected,5344,9123462128
72916710,AE022133482,Outbound and email- Connected,5380,9123462164
73054720,CE0621938061,Outbound and email- Connected,5390,9123462174
73013033,CE0621938064,Outbound and email- Connected,5393,9123462177
72999464,CE1020935331,Outbound and email- Connected,5398,9123462182
73033759,AE062028443,Outbound and email- Connected,5419,9123462203
73049801,CE0621938064,Outbound and email- Connected,5450,9123462234
73053282,AE062135292,Outbound and email- Connected,5494,9123462278
72981795,AE062028443,Outbound and email- Connected,5512,9123462296
73054643,CE0621938064,Outbound and email- Connected,5549,9123462333
73036941,AE102032232,Outbound and email- Connected,5552,9123462336
73040785,AE102032232,Outbound and email- Connected,5576,9123462360
73047322,AE071921617,Outbound and email- Connected,5578,9123462362
73028216,CE1020935331,Outbound and email- Connected,5601,9123462385
72865890,AE022133482,Outbound and email- Connected,5610,9123462394
72945834,CE0421937466,Outbound and email- Connected,5621,9123462405
72689050,AE102032232,Outbound and email- Connected,5659,9123462443
72925633,AE022133482,Outbound and email- Connected,5663,9123462447
73033754,CE0621938064,Outbound and email- Connected,5703,9123462487
73048234,CE0621938062,Outbound and email- Connected,5711,9123462495
72996782,CE1020935331,Outbound and email- Connected,5735,9123462519
73049615,CE0621938064,Outbound and email- Connected,5748,9123462532
73050210,AE102032232,Outbound and email- Connected,5768,9123462552
72942874,CE0421937466,Outbound and email- Connected,5769,9123462553
73031782,AE102032232,Outbound and email- Connected,5771,9123462555
73009549,AE022133482,Outbound and email- Connected,5788,9123462572
72515496,CE0421937466,Outbound and email- Connected,5804,9123462588
72809195,AE051919290,Outbound and email- Connected,5811,9123462595
72707287,CE0121935819,Outbound and email- Connected,5813,9123462597
73013678,CE1020935331,Outbound and email- Connected,5826,9123462610
72994507,AE022133482,Outbound and email- Connected,5840,9123462624
72818334,AE062028443,Outbound and email- Connected,5857,9123462641
73045701,AE051919290,Outbound and email- Connected,5859,9123462643
72830010,CE0421937466,Outbound and email- Connected,5873,9123462657
72838029,AE062028502,Outbound and email- Connected,5899,9123462683
73061234,CE0621938064,Outbound and email- Connected,5902,9123462686
73061042,CE0621938064,Outbound and email- Connected,5946,9123462730
72865636,CE0621938064,Outbound and email- Connected,5953,9123462737
73060380,CE0621938043,Outbound and email- Connected,5969,9123462753
71587283,CE0621938062,Outbound and email- Connected,5972,9123462756
73060517,CE0621938062,Outbound and email- Connected,5991,9123462775
72623426,CE0621938043,Outbound and email- Connected,6066,9123462850
72834286,CE0121935819,Outbound and email- Connected,6068,9123462852
73002203,CE0121935819,Outbound and email- Connected,6076,9123462860
73062906,CE0421937466,Outbound and email- Connected,6085,9123462869
73049300,AE051919290,Outbound and email- Connected,6087,9123462871
72996315,AE051919290,Outbound and email- Connected,6107,9123462891
72961504,CE0121935819,Outbound and email- Connected,6108,9123462892
73025893,AE062028443,Outbound and email- Connected,6130,9123462914
73041368,CE0121935819,Outbound and email- Connected,6166,9123462950
73033606,AE071921619,Outbound and email- Connected,6167,9123462951
73047020,AE071921619,Outbound and email- Connected,6195,9123462979
73015019,CE0121935819,Outbound and email- Connected,6217,9123463001
73063674,AE102032232,Outbound and email- Connected,6221,9123463005
73026467,CE1020935331,Outbound and email- Connected,6228,9123463012
73020437,CE0121935819,Outbound and email- Connected,6254,9123463038
72835750,AE051919290,Outbound and email- Connected,6257,9123463041
72991170,CE0121935819,Outbound and email- Connected,6259,9123463043
72983006,CE0121935819,Outbound and email- Connected,6293,9123463077
72925574,AE062135292,Outbound and email- Connected,6301,9123463085
73022271,CE0421937466,Outbound and email- Connected,6346,9123463130
72822930,AE022133481,Outbound and email- Connected,6372,9123463156
73034118,CE0421937464,Outbound and email- Connected,6379,9123463163
72793521,AE022133481,Outbound and email- Connected,6380,9123463164
73049228,CE0621938044,Outbound and email- Connected,6405,9123463189
72898922,CE0621938062,Outbound and email- Connected,6414,9123463198
72745670,AE102032232,Outbound and email- Connected,6464,9123463248
72840835,AE022133481,Outbound and email- Connected,6487,9123463271
73020386,CE0421937466,Outbound and email- Connected,6499,9123463283
72668097,CE0621938043,Outbound and email- Connected,6505,9123463289
73061874,AE042134725,Outbound and email- Connected,6510,9123463294
73036599,CE0621938062,Outbound and email- Connected,6522,9123463306
73037223,CE0121935819,Outbound and email- Connected,6523,9123463307
72984893,CE0421937466,Outbound and email- Connected,6542,9123463326
73030832,CE0421937466,Outbound and email- Connected,6611,9123463395
73049306,AE051919290,Outbound and email- Connected,6645,9123463429
73030105,CE0421937416,Outbound and email- Connected,6655,9123463439
73039128,AE062028443,Outbound and email- Connected,6656,9123463440
73063454,CE0421937466,Outbound and email- Connected,6667,9123463451
73061530,CE0421937464,Outbound and email- Connected,6674,9123463458
72995043,CE0421937464,Outbound and email- Connected,6692,9123463476
73060727,CE0421937466,Outbound and email- Connected,6720,9123463504
72977362,AE022133481,Outbound and email- Connected,6722,9123463506
73065864,AE051919290,Outbound and email- Connected,6723,9123463507
72982221,AE022133481,Outbound and email- Connected,6726,9123463510
72837605,CE0421937466,Outbound and email- Connected,6736,9123463520
72985839,AE022133481,Outbound and email- Connected,6737,9123463521
72993271,AE022133481,Outbound and email- Connected,6744,9123463528
